orden,categoria,titulo,tamano,precio,plazo,personalizable,archivo,url,fecha,likes,comentarios,n_fotos,carpeta_carrusel
1,Contenido de marca,Resumen corto: hay felicidad,,,,,posts/001_post_DdWsPwPjmFM.jpg,https://www.instagram.com/wildhoneyxx/p/DdWsPwPjmFM/,2026-09-16,96,6,6,carruseles/001_DdWsPwPjmFM
2,Contenido de marca,Acompáñame a empacar unos pedidos,,,,,posts/002_reel_DceZBU3s_tr.jpg,https://www.instagram.com/magic.h4nds/reel/DceZBU3s_tr/,2026-08-25,79,21,1,carruseles/002_DceZBU3s_tr
3,"Ropa: tops, blusas y camisas","Como una orquídea: delicada, pero imposible de ignorar",,,,,posts/003_reel_DXXPYXQjE4q.jpg,https://www.instagram.com/magic.h4nds/reel/DXXPYXQjE4q/,2026-04-20,238,13,1,carruseles/003_DXXPYXQjE4q
4,Mascotas (accesorios),Llegaron los collares navideños para tu mascota,,,,sí,posts/004_post_DRXQ_wpgAXg.jpg,https://www.instagram.com/magic.h4nds/p/DRXQ_wpgAXg/,2025-11-22,17,4,7,carruseles/004_DRXQ_wpgAXg
5,Bolsos y accesorios,Bolsos que cuentan historias,,,,,posts/005_post_DM0rLTTO1Iz.jpg,https://www.instagram.com/magic.h4nds/p/DM0rLTTO1Iz/,2025-08-01,41,1,5,carruseles/005_DM0rLTTO1Iz
6,Bolsos y accesorios,Listos para el Festival Nacional de la Guabina y el Tiple,,,,,posts/006_post_DM0pseTA6AW.jpg,https://www.instagram.com/magic.h4nds/p/DM0pseTA6AW/,2025-08-01,54,1,4,carruseles/006_DM0pseTA6AW
7,Bolsos y accesorios,Cada puntada lleva el alma de mi pueblo,,,,,posts/007_post_DM0ohyyAFIZ.jpg,https://www.instagram.com/magic.h4nds/p/DM0ohyyAFIZ/,2025-08-01,30,1,5,carruseles/007_DM0ohyyAFIZ
8,Flores y ramos,"Un ramo que no se marchita, hecho con paciencia, cariño y muchas ganas",,,,,posts/008_post_DKz8XR7SBxV.jpg,https://www.instagram.com/magic.h4nds/p/DKz8XR7SBxV/,2025-06-12,29,3,5,carruseles/008_DKz8XR7SBxV
9,Bolsos y accesorios,Lleva tu estilo con comodidad,,,,,posts/009_post_DH_7P7myamB.jpg,https://www.instagram.com/magic.h4nds/p/DH_7P7myamB/,2025-04-03,39,9,5,carruseles/009_DH_7P7myamB
10,"Ropa: tops, blusas y camisas","Esta camisa tejida a mano es más que una prenda de vestir, es una hist",,,,,posts/010_post_DHOsH_3up02.jpg,https://www.instagram.com/magic.h4nds/p/DHOsH_3up02/,2025-03-15,30,1,3,carruseles/010_DHOsH_3up02
11,"Ropa: tops, blusas y camisas",Camisa tejida a mano con amor y dedicación,,,,,posts/011_post_DHMkhjXyL-I.jpg,https://www.instagram.com/magic.h4nds/p/DHMkhjXyL-I/,2025-03-14,21,0,4,carruseles/011_DHMkhjXyL-I
12,"Ropa: tops, blusas y camisas",Exclusiva pieza artesanal,,,,,posts/012_post_DHJzuENSZ0O.jpg,https://www.instagram.com/magic.h4nds/p/DHJzuENSZ0O/,2025-03-13,37,0,3,carruseles/012_DHJzuENSZ0O
13,"Hogar, decoración y navidad",Hermoso nacimiento en tamaño pequeño,,,,,posts/013_post_DDibYumMwFu.jpg,https://www.instagram.com/magic.h4nds/p/DDibYumMwFu/,2024-12-14,24,1,5,carruseles/013_DDibYumMwFu
14,"Hogar, decoración y navidad",Arbolitos de navidad perfectos para un recordatorio Para colgar en nue,,,,,posts/014_post_DDiY8ePMv4p.jpg,https://www.instagram.com/magic.h4nds/p/DDiY8ePMv4p/,2024-12-13,20,0,8,carruseles/014_DDiY8ePMv4p
15,"Hogar, decoración y navidad",Llegó navidad a Magic H4nds,,,,,posts/015_post_DDiX4Y1yy8D.jpg,https://www.instagram.com/magic.h4nds/p/DDiX4Y1yy8D/,2024-12-13,26,3,8,carruseles/015_DDiX4Y1yy8D
16,Mascotas (accesorios),Pañoletas con colores únicos! Creamos patrones que se ajustan a tus gu,,,Entrega inmediata,,posts/016_post_DCxU7vWRZ_c.jpg,https://www.instagram.com/magic.h4nds/p/DCxU7vWRZ_c/,2024-11-24,33,3,6,carruseles/016_DCxU7vWRZ_c
17,Mascotas (accesorios),Pañoleta sencilla y relajada,,,,sí,posts/017_post_DCxUIo9RgN4.jpg,https://www.instagram.com/magic.h4nds/p/DCxUIo9RgN4/,2024-11-24,23,2,5,carruseles/017_DCxUIo9RgN4
18,Mascotas (accesorios),Pañoletas para tus mascotas disponibles,,,,sí,posts/018_post_DCxSr55xnEc.jpg,https://www.instagram.com/magic.h4nds/p/DCxSr55xnEc/,2024-11-24,28,2,6,carruseles/018_DCxSr55xnEc
19,Amigurumis,Conejitos gigantes,,,,sí,posts/019_post_C9nQseExKL3.jpg,https://www.instagram.com/magic.h4nds/p/C9nQseExKL3/,2024-07-19,27,2,5,carruseles/019_C9nQseExKL3
20,"Ropa: tops, blusas y camisas",Top sencillo,,,,,posts/020_post_C9XwlvLxsTY.jpg,https://www.instagram.com/magic.h4nds/p/C9XwlvLxsTY/,2024-07-13,28,0,2,carruseles/020_C9XwlvLxsTY
21,Contenido de marca,SORTEO CERRADO,,,,sí,posts/021_post_C8h2zduxzo9.jpg,https://www.instagram.com/magic.h4nds/p/C8h2zduxzo9/,2024-06-22,127,0,1,carruseles/021_C8h2zduxzo9
22,Personajes,Albus Dumbledore de Harry Potter,20 cm,,15-20 días hábiles,sí,posts/022_post_C8fv6xxRCNA.jpg,https://www.instagram.com/magic.h4nds/p/C8fv6xxRCNA/,2024-06-21,28,1,2,carruseles/022_C8fv6xxRCNA
23,"Ropa: tops, blusas y camisas",Blusa grannys,,,15-20 días hábiles,sí,posts/023_post_C8NIdtfxBbI.jpg,https://www.instagram.com/magic.h4nds/p/C8NIdtfxBbI/,2024-06-14,28,0,3,carruseles/023_C8NIdtfxBbI
24,Personajes,Coraline,,,15-20 días hábiles,,posts/024_post_C8LDdfUxFw2.jpg,https://www.instagram.com/magic.h4nds/p/C8LDdfUxFw2/,2024-06-13,40,0,3,carruseles/024_C8LDdfUxFw2
25,Bolsos y accesorios,Canguro o riñonera,,,15-20 días hábiles,sí,posts/025_post_C67E8JARUnF.jpg,https://www.instagram.com/magic.h4nds/p/C67E8JARUnF/,2024-05-13,16,0,2,carruseles/025_C67E8JARUnF
26,Personajes,Appa de Avatar,24 cm,,15-20 días hábiles,,posts/026_post_C6Hw1KLLoGE.jpg,https://www.instagram.com/magic.h4nds/p/C6Hw1KLLoGE/,2024-04-23,22,0,3,carruseles/026_C6Hw1KLLoGE
27,"Ropa: tops, blusas y camisas",Blusa grannys,,,15-20 días hábiles,sí,posts/027_post_C6HKBHTrk2e.jpg,https://www.instagram.com/magic.h4nds/p/C6HKBHTrk2e/,2024-04-23,19,0,2,carruseles/027_C6HKBHTrk2e
28,Personajes,Selena Quintanilla,lo puedes personalizar desde 10 cm,,15-20 días hábiles,sí,posts/028_post_C59HgmaR7gT.jpg,https://www.instagram.com/magic.h4nds/p/C59HgmaR7gT/,2024-04-19,32,2,3,carruseles/028_C59HgmaR7gT
29,Bolsos y accesorios,Gorrito,,,,sí,posts/029_post_C57Krk6Lp92.jpg,https://www.instagram.com/magic.h4nds/p/C57Krk6Lp92/,2024-04-19,18,0,3,carruseles/029_C57Krk6Lp92
30,Personajes,Zoro y Luffy de One Piece,lo puedes personalizar desde 10 cm,,15-20 días hábiles,sí,posts/030_post_C567YBErtjM.jpg,https://www.instagram.com/magic.h4nds/p/C567YBErtjM/,2024-04-18,33,0,4,carruseles/030_C567YBErtjM
31,Amigurumis personalizados,Perrito personalizado,,,,sí,posts/031_post_CrWkhbjLq-o.jpg,https://www.instagram.com/magic.h4nds/p/CrWkhbjLq-o/,2023-04-22,19,3,2,carruseles/031_CrWkhbjLq-o
32,"Hogar, decoración y navidad",Luces,,,,sí,posts/032_post_CrWkQRCLa1w.jpg,https://www.instagram.com/magic.h4nds/p/CrWkQRCLa1w/,2023-04-22,50,3,3,carruseles/032_CrWkQRCLa1w
33,Amigurumis,Tiburón sushi,,,,,posts/033_post_CrWjwxGLWhB.jpg,https://www.instagram.com/magic.h4nds/p/CrWjwxGLWhB/,2023-04-22,26,0,3,carruseles/033_CrWjwxGLWhB
34,Personajes,The mandalorian y grogru,,,,,posts/034_post_CrRl_XCrD1M.jpg,https://www.instagram.com/magic.h4nds/p/CrRl_XCrD1M/,2023-04-20,31,1,3,carruseles/034_CrRl_XCrD1M
35,Flores y ramos,Ramitos para el día de la madre,,$45.000,,sí,posts/035_post_CrRk9a6rDkp.jpg,https://www.instagram.com/magic.h4nds/p/CrRk9a6rDkp/,2023-04-20,29,1,1,carruseles/035_CrRk9a6rDkp
36,Amigurumis,Amigurumi colibrí,,,,sí,posts/036_post_CrRkYBEr067.jpg,https://www.instagram.com/magic.h4nds/p/CrRkYBEr067/,2023-04-20,25,1,2,carruseles/036_CrRkYBEr067
37,Amigurumis,Amigurumi patico,,,,,posts/037_post_CnS36KxrOfW.jpg,https://www.instagram.com/magic.h4nds/p/CnS36KxrOfW/,2023-01-12,41,4,4,carruseles/037_CnS36KxrOfW
38,Personajes,Amigurumi Messi,20 cm,,,,posts/038_post_CnS3b9JrZsz.jpg,https://www.instagram.com/magic.h4nds/p/CnS3b9JrZsz/,2023-01-12,44,4,3,carruseles/038_CnS3b9JrZsz
39,Personajes,Amigurumi pochita,,,,,posts/039_post_CnS1LOSrcZM.jpg,https://www.instagram.com/magic.h4nds/p/CnS1LOSrcZM/,2023-01-12,41,1,3,carruseles/039_CnS1LOSrcZM
40,"Ropa: tops, blusas y camisas",Top mariposa,,,,sí,posts/040_post_CnNI43NptwB.jpg,https://www.instagram.com/magic.h4nds/p/CnNI43NptwB/,2023-01-09,18,0,2,carruseles/040_CnNI43NptwB
41,Llaveros,Llavero fresa,,,,,posts/041_post_CnNIqJep6Ny.jpg,https://www.instagram.com/magic.h4nds/p/CnNIqJep6Ny/,2023-01-09,21,0,1,carruseles/041_CnNIqJep6Ny
42,Vestidos de baño y conjuntos,Conjunto fresas,,,,sí,posts/042_post_CnNIg-oJBzD.jpg,https://www.instagram.com/magic.h4nds/p/CnNIg-oJBzD/,2023-01-09,25,0,1,carruseles/042_CnNIg-oJBzD
43,Amigurumis,Amigurumi ratón,,,,,posts/043_post_CnDZtkaL_IG.jpg,https://www.instagram.com/magic.h4nds/p/CnDZtkaL_IG/,2023-01-06,20,1,2,carruseles/043_CnDZtkaL_IG
44,Vestidos de baño y conjuntos,Vestido de baño girasoles,,,,sí,posts/044_post_CnDZm9qLk96.jpg,https://www.instagram.com/magic.h4nds/p/CnDZm9qLk96/,2023-01-06,16,0,1,carruseles/044_CnDZm9qLk96
45,Amigurumis,Amigurumi abejita,,,,,posts/045_post_CnDZdK8LhS7.jpg,https://www.instagram.com/magic.h4nds/p/CnDZdK8LhS7/,2023-01-06,33,0,2,carruseles/045_CnDZdK8LhS7
46,Flores y ramos,Ramito personalizado,,,,sí,posts/046_post_Ck_2XtaLwCS.jpg,https://www.instagram.com/magic.h4nds/p/Ck_2XtaLwCS/,2022-11-15,41,1,3,carruseles/046_Ck_2XtaLwCS
47,Amigurumis,Conejito gigante,,,,sí,posts/047_post_Ck_2BkMLRNW.jpg,https://www.instagram.com/magic.h4nds/p/Ck_2BkMLRNW/,2022-11-15,53,0,4,carruseles/047_Ck_2BkMLRNW
48,Flores y ramos,Ramito personalizado,,,,sí,posts/048_post_Ck_1ghXrUdk.jpg,https://www.instagram.com/magic.h4nds/p/Ck_1ghXrUdk/,2022-11-15,32,0,2,carruseles/048_Ck_1ghXrUdk
49,"Hogar, decoración y navidad",Joyero tulipanes,,,,sí,posts/049_post_Ck4HLujrG9z.jpg,https://www.instagram.com/magic.h4nds/p/Ck4HLujrG9z/,2022-11-12,21,0,2,carruseles/049_Ck4HLujrG9z
50,"Hogar, decoración y navidad",Portavasos girasol,,,,,posts/050_post_Ck4G-ujr2gZ.jpg,https://www.instagram.com/magic.h4nds/p/Ck4G-ujr2gZ/,2022-11-12,27,0,2,carruseles/050_Ck4G-ujr2gZ
51,"Hogar, decoración y navidad",Portavasos corazón,,,,sí,posts/051_post_Ck4G013Lx65.jpg,https://www.instagram.com/magic.h4nds/p/Ck4G013Lx65/,2022-11-12,21,0,2,carruseles/051_Ck4G013Lx65
52,Vestidos de baño y conjuntos,Vestido de bronceado,,,,sí,posts/052_post_Ci5W5dori8Z.jpg,https://www.instagram.com/magic.h4nds/p/Ci5W5dori8Z/,2022-09-24,12,0,1,carruseles/052_Ci5W5dori8Z
53,Vestidos de baño y conjuntos,Vestidos de baño,,,,sí,posts/053_post_Ci5Wsllrm0y.jpg,https://www.instagram.com/magic.h4nds/p/Ci5Wsllrm0y/,2022-09-24,20,0,1,carruseles/053_Ci5Wsllrm0y
54,Vestidos de baño y conjuntos,Vestido de baño,,,,sí,posts/054_post_Ci5Wly6LQcg.jpg,https://www.instagram.com/magic.h4nds/p/Ci5Wly6LQcg/,2022-09-24,19,1,1,carruseles/054_Ci5Wly6LQcg
55,"Hogar, decoración y navidad",Plantica colgante,,,,,posts/055_post_Chf_z9JLDuD.jpg,https://www.instagram.com/magic.h4nds/p/Chf_z9JLDuD/,2022-08-20,20,0,3,carruseles/055_Chf_z9JLDuD
56,Bolsos y accesorios,Bolsito lavanda,,,,sí,posts/056_post_Chf_er4rCgB.jpg,https://www.instagram.com/magic.h4nds/p/Chf_er4rCgB/,2022-08-20,23,0,3,carruseles/056_Chf_er4rCgB
57,Bolsos y accesorios,Carga botellas,,,,sí,posts/057_post_Chf_ZLcrzf0.jpg,https://www.instagram.com/magic.h4nds/p/Chf_ZLcrzf0/,2022-08-20,23,0,4,carruseles/057_Chf_ZLcrzf0
58,Flores y ramos,Ramito de 6 tulipanes,,,,sí,posts/058_post_ChYKafqLm43.jpg,https://www.instagram.com/magic.h4nds/p/ChYKafqLm43/,2022-08-17,31,0,2,carruseles/058_ChYKafqLm43
59,Flores y ramos,Ramito variado,,,,sí,posts/059_post_ChYKXTXL0Z1.jpg,https://www.instagram.com/magic.h4nds/p/ChYKXTXL0Z1/,2022-08-17,42,0,5,carruseles/059_ChYKXTXL0Z1
60,Flores y ramos,Ramito de 5 tulipanes,,,,sí,posts/060_post_ChYKMeNLn-o.jpg,https://www.instagram.com/magic.h4nds/p/ChYKMeNLn-o/,2022-08-17,22,0,1,carruseles/060_ChYKMeNLn-o
61,Amigurumis personalizados,Amigurumi gatico,8-10 cm,$25.000,,sí,posts/061_post_ChVbQ1mJU7n.jpg,https://www.instagram.com/magic.h4nds/p/ChVbQ1mJU7n/,2022-08-16,24,0,1,carruseles/061_ChVbQ1mJU7n
62,Amigurumis personalizados,Amigurumi perrito,8-10 cm,$25.000,,sí,posts/062_post_ChVbIMJpNkf.jpg,https://www.instagram.com/magic.h4nds/p/ChVbIMJpNkf/,2022-08-16,34,2,3,carruseles/062_ChVbIMJpNkf
63,Amigurumis personalizados,Amigurumi gatico,8-10 cm,$25.000,,sí,posts/063_post_ChVbB-4pCUD.jpg,https://www.instagram.com/magic.h4nds/p/ChVbB-4pCUD/,2022-08-16,25,0,1,carruseles/063_ChVbB-4pCUD
64,Amigurumis personalizados,Amigurumi campesina,30 cm,,,,posts/064_post_Cg2mOwJJJZY.jpg,https://www.instagram.com/magic.h4nds/p/Cg2mOwJJJZY/,2022-08-04,52,0,3,carruseles/064_Cg2mOwJJJZY
65,Amigurumis personalizados,Amigurumi personalizado,30 cm,,,sí,posts/065_post_Cg2ll6EJbyH.jpg,https://www.instagram.com/magic.h4nds/p/Cg2ll6EJbyH/,2022-08-04,47,0,4,carruseles/065_Cg2ll6EJbyH
66,Personajes,Mirabel Madrigal,30 cm,,,,posts/066_post_Cg2k29OJPzn.jpg,https://www.instagram.com/magic.h4nds/p/Cg2k29OJPzn/,2022-08-04,74,4,2,carruseles/066_Cg2k29OJPzn
67,Flores y ramos,Tulipán,,$12.000,,sí,posts/067_post_Cc3P7nsLZGN.jpg,https://www.instagram.com/magic.h4nds/p/Cc3P7nsLZGN/,2022-04-27,30,4,2,carruseles/067_Cc3P7nsLZGN
68,Contenido de marca,CONCURSO,,,,,posts/068_post_Cc3P042Lv2S.jpg,https://www.instagram.com/magic.h4nds/p/Cc3P042Lv2S/,2022-04-27,105,231,2,carruseles/068_Cc3P042Lv2S
69,Flores y ramos,Tulipán,,$12.000,,sí,posts/069_post_Cc3OeV9ra9F.jpg,https://www.instagram.com/magic.h4nds/p/Cc3OeV9ra9F/,2022-04-27,27,2,1,carruseles/069_Cc3OeV9ra9F
70,Flores y ramos,Tulipán,,$12.000,,sí,posts/070_post_Cc3OZOuLCIO.jpg,https://www.instagram.com/magic.h4nds/p/Cc3OZOuLCIO/,2022-04-27,29,0,1,carruseles/070_Cc3OZOuLCIO
71,Flores y ramos,Ramito de 5 tulipanes,,,,sí,posts/071_post_Cc3OOvartI6.jpg,https://www.instagram.com/magic.h4nds/p/Cc3OOvartI6/,2022-04-27,24,2,4,carruseles/071_Cc3OOvartI6
72,Flores y ramos,Flor suave,,,,sí,posts/072_post_Cc3N73krvqX.jpg,https://www.instagram.com/magic.h4nds/p/Cc3N73krvqX/,2022-04-27,22,1,2,carruseles/072_Cc3N73krvqX
73,Personajes,Amigurumi frailejon Ernesto Pérez,15 cm,,15-20 días hábiles,,posts/073_post_CcwHjiOrrn-.jpg,https://www.instagram.com/magic.h4nds/p/CcwHjiOrrn-/,2022-04-24,23,0,1,carruseles/073_CcwHjiOrrn-
74,Personajes,Amigurumi frailejon Ernesto Pérez,15 cm,,15-20 días hábiles,,posts/074_post_CcwHhBVrEBK.jpg,https://www.instagram.com/magic.h4nds/p/CcwHhBVrEBK/,2022-04-24,26,0,1,carruseles/074_CcwHhBVrEBK
75,Personajes,Amigurumi frailejon Ernesto Pérez,15 cm,,15-20 días hábiles,,posts/075_post_CcwHbjSLdUi.jpg,https://www.instagram.com/magic.h4nds/p/CcwHbjSLdUi/,2022-04-24,27,0,2,carruseles/075_CcwHbjSLdUi
76,Amigurumis,Amigurumi abejita,,,15-20 días hábiles,,posts/076_post_CcG7AbDL8CZ.jpg,https://www.instagram.com/magic.h4nds/p/CcG7AbDL8CZ/,2022-04-08,30,0,1,carruseles/076_CcG7AbDL8CZ
77,Amigurumis,Amigurumi abejita,,,15-20 días hábiles,,posts/077_post_CcG69mjrafZ.jpg,https://www.instagram.com/magic.h4nds/p/CcG69mjrafZ/,2022-04-08,25,0,2,carruseles/077_CcG69mjrafZ
78,Amigurumis,Amigurumi abejita,,,15-20 días hábiles,,posts/078_post_CcG6r8CrrOi.jpg,https://www.instagram.com/magic.h4nds/p/CcG6r8CrrOi/,2022-04-08,17,1,2,carruseles/078_CcG6r8CrrOi
79,Personajes,Amigurumi Pokémon,,,15-20 días hábiles,,posts/079_post_CbqtpXULeTQ.jpg,https://www.instagram.com/magic.h4nds/p/CbqtpXULeTQ/,2022-03-29,36,0,2,carruseles/079_CbqtpXULeTQ
80,Personajes,Naruto y zorro de 9 colas,,,15-20 días hábiles,,posts/080_post_CbqtjP6L6OS.jpg,https://www.instagram.com/magic.h4nds/p/CbqtjP6L6OS/,2022-03-29,19,0,1,carruseles/080_CbqtjP6L6OS
81,Personajes,Zorro de 9 colas,,,15-20 días hábiles,,posts/081_post_CbqtcQ9rMpU.jpg,https://www.instagram.com/magic.h4nds/p/CbqtcQ9rMpU/,2022-03-29,20,0,3,carruseles/081_CbqtcQ9rMpU
82,Amigurumis personalizados,Amigurumi personalizado,,,,sí,posts/082_post_Cbqs9rZL6hW.jpg,https://www.instagram.com/magic.h4nds/p/Cbqs9rZL6hW/,2022-03-29,32,0,3,carruseles/082_Cbqs9rZL6hW
83,Amigurumis,Amigurumi fantasma,,,15-20 días hábiles,,posts/083_post_Cbqs0r2rolG.jpg,https://www.instagram.com/magic.h4nds/p/Cbqs0r2rolG/,2022-03-29,17,0,1,carruseles/083_Cbqs0r2rolG
84,Amigurumis personalizados,Amigurumi personalizado,,,15-20 días hábiles,sí,posts/084_post_Cbqshb4Ladp.jpg,https://www.instagram.com/magic.h4nds/p/Cbqshb4Ladp/,2022-03-29,16,0,1,carruseles/084_Cbqshb4Ladp
85,Personajes,Llavero stich,,,15-20 días hábiles,,posts/085_post_CbqsXtarfYX.jpg,https://www.instagram.com/magic.h4nds/p/CbqsXtarfYX/,2022-03-29,16,0,1,carruseles/085_CbqsXtarfYX
86,Amigurumis,Amigurumi koala,,,15-20 días hábiles,,posts/086_post_CbqsQLgLjOH.jpg,https://www.instagram.com/magic.h4nds/p/CbqsQLgLjOH/,2022-03-29,23,0,2,carruseles/086_CbqsQLgLjOH
87,Llaveros,Pareja de llaveros,,,15-20 días hábiles,,posts/087_post_CbqsCdir4lJ.jpg,https://www.instagram.com/magic.h4nds/p/CbqsCdir4lJ/,2022-03-29,21,1,2,carruseles/087_CbqsCdir4lJ
88,Amigurumis personalizados,Amigurumi personalizado,15 cm,,15-20 días hábiles,sí,posts/088_post_Cbqrs9_ryP3.jpg,https://www.instagram.com/magic.h4nds/p/Cbqrs9_ryP3/,2022-03-29,21,0,2,carruseles/088_Cbqrs9_ryP3
89,Amigurumis,Amigurumi abejita gigante,,,15-20 días hábiles,,posts/089_post_CbqpO3sLT5i.jpg,https://www.instagram.com/magic.h4nds/p/CbqpO3sLT5i/,2022-03-28,25,0,2,carruseles/089_CbqpO3sLT5i
90,Personajes,Amigurumi goku,15 cm,,15-20 días hábiles,,posts/090_post_CbqpAZBLUpl.jpg,https://www.instagram.com/magic.h4nds/p/CbqpAZBLUpl/,2022-03-28,23,1,2,carruseles/090_CbqpAZBLUpl
91,Bolsos y accesorios,Bolsitas de tela bordadas y tejidas,,,,,posts/091_post_CU8iasdrLQn.jpg,https://www.instagram.com/magic.h4nds/p/CU8iasdrLQn/,2021-10-12,46,0,4,carruseles/091_CU8iasdrLQn
92,Bolsos y accesorios,Bolsita de tela bordada,,,,,posts/092_post_CU8h8gPraNs.jpg,https://www.instagram.com/magic.h4nds/p/CU8h8gPraNs/,2021-10-12,19,0,1,carruseles/092_CU8h8gPraNs
93,Bolsos y accesorios,Bolsita de tela estampado de vaca,,,,,posts/093_post_CU8h11tLBp6.jpg,https://www.instagram.com/magic.h4nds/p/CU8h11tLBp6/,2021-10-12,30,0,1,carruseles/093_CU8h11tLBp6
94,Bolsos y accesorios,Bolsita de tela bordada,,,,,posts/094_post_CU8hq2mrZWn.jpg,https://www.instagram.com/magic.h4nds/p/CU8hq2mrZWn/,2021-10-12,20,0,1,carruseles/094_CU8hq2mrZWn
95,Personajes,Panda de escandalosos,,,,,posts/095_post_CUVXDK-Lg6q.jpg,https://www.instagram.com/magic.h4nds/p/CUVXDK-Lg6q/,2021-09-27,24,1,1,carruseles/095_CUVXDK-Lg6q
96,Amigurumis,Amigurumis disponible bajo pedido,,,,,posts/096_post_CUVW7M2LglZ.jpg,https://www.instagram.com/magic.h4nds/p/CUVW7M2LglZ/,2021-09-27,26,0,1,carruseles/096_CUVW7M2LglZ
97,Amigurumis,Oso panda súper suave,,,,,posts/097_post_CUVWx0Qr_i2.jpg,https://www.instagram.com/magic.h4nds/p/CUVWx0Qr_i2/,2021-09-27,18,0,1,carruseles/097_CUVWx0Qr_i2
98,Amigurumis,Abejita tamaño mediana,,,Entrega inmediata,,posts/098_post_CUVWeilL03F.jpg,https://www.instagram.com/magic.h4nds/p/CUVWeilL03F/,2021-09-27,42,0,2,carruseles/098_CUVWeilL03F
99,Amigurumis,Oso panda,,,,,posts/099_post_CUVWX89LULf.jpg,https://www.instagram.com/magic.h4nds/p/CUVWX89LULf/,2021-09-27,29,0,1,carruseles/099_CUVWX89LULf
100,"Ropa: tops, blusas y camisas",Top pentagrama,,,,,posts/100_post_CTLV7Y_LGnr.jpg,https://www.instagram.com/magic.h4nds/p/CTLV7Y_LGnr/,2021-08-29,40,0,1,carruseles/100_CTLV7Y_LGnr
101,"Ropa: tops, blusas y camisas",Top pentagrama,,,,,posts/101_post_CTLV56OrfHd.jpg,https://www.instagram.com/magic.h4nds/p/CTLV56OrfHd/,2021-08-29,44,0,1,carruseles/101_CTLV56OrfHd
102,"Ropa: tops, blusas y camisas",Top pentagrama,,,,,posts/102_post_CTLVXGqreV6.jpg,https://www.instagram.com/magic.h4nds/p/CTLVXGqreV6/,2021-08-29,27,0,1,carruseles/102_CTLVXGqreV6
103,Llaveros,Cerezas disponibles bajo pedido Incluyen su cadena y argolla para las ,,,,,posts/103_post_CSne1LjDBfJ.jpg,https://www.instagram.com/magic.h4nds/p/CSne1LjDBfJ/,2021-08-16,32,0,1,carruseles/103_CSne1LjDBfJ
104,Personajes,Llavero de Rick (pepinillo) disponible bajo pedido,,,,,posts/104_post_CSnd5o8DpkH.jpg,https://www.instagram.com/magic.h4nds/p/CSnd5o8DpkH/,2021-08-16,41,0,2,carruseles/104_CSnd5o8DpkH
105,Llaveros,Llavero de cerezas bajo pedido,,,,,posts/105_post_CSnduSHDmAA.jpg,https://www.instagram.com/magic.h4nds/p/CSnduSHDmAA/,2021-08-16,28,0,1,carruseles/105_CSnduSHDmAA
106,Amigurumis,La perfecta combinación entre un suave osito y una pera,,,,,posts/106_post_CSnc7R3DRA-.jpg,https://www.instagram.com/magic.h4nds/p/CSnc7R3DRA-/,2021-08-16,43,2,4,carruseles/106_CSnc7R3DRA-
107,Vestidos de baño y conjuntos,"Vestidos de baño disponibles bajo pedido en todas las tallas, colores ",,,,sí,posts/107_post_CRsY9gMDsW0.jpg,https://www.instagram.com/magic.h4nds/p/CRsY9gMDsW0/,2021-07-24,35,0,1,carruseles/107_CRsY9gMDsW0
108,Vestidos de baño y conjuntos,"Vestidos de baño disponibles bajo pedido en todas las tallas, colores ",,,,sí,posts/108_post_CRsYylJDB7Y.jpg,https://www.instagram.com/magic.h4nds/p/CRsYylJDB7Y/,2021-07-24,31,0,1,carruseles/108_CRsYylJDB7Y
109,"Ropa: tops, blusas y camisas",Tops disponibles bajo pedido en todas las tallas y colores,,,,sí,posts/109_post_CRXQOMmDB6T.jpg,https://www.instagram.com/magic.h4nds/p/CRXQOMmDB6T/,2021-07-15,37,0,1,carruseles/109_CRXQOMmDB6T
110,Llaveros,Mini amigurumis perfectos para llaveros disponibles bajo pedido,,,,,posts/110_post_CRXP_Ksjn0_.jpg,https://www.instagram.com/magic.h4nds/p/CRXP_Ksjn0_/,2021-07-15,50,4,1,carruseles/110_CRXP_Ksjn0_
111,"Ropa: tops, blusas y camisas",Tops disponibles bajo pedido en todas las tallas y colores,,,,sí,posts/111_post_CRXPsFmjUlx.jpg,https://www.instagram.com/magic.h4nds/p/CRXPsFmjUlx/,2021-07-15,34,0,1,carruseles/111_CRXPsFmjUlx
112,Amigurumis,Mini dinosaurio,,,,,posts/112_post_CRXPc2BjTfN.jpg,https://www.instagram.com/magic.h4nds/p/CRXPc2BjTfN/,2021-07-15,25,0,1,carruseles/112_CRXPc2BjTfN
113,Amigurumis,Mini pingüino,,,,,posts/113_post_CRXPWCKj7t4.jpg,https://www.instagram.com/magic.h4nds/p/CRXPWCKj7t4/,2021-07-15,35,1,1,carruseles/113_CRXPWCKj7t4
114,Personajes,Mini totoro,,,,,posts/114_post_CRXPSboj0s2.jpg,https://www.instagram.com/magic.h4nds/p/CRXPSboj0s2/,2021-07-15,35,0,1,carruseles/114_CRXPSboj0s2
115,"Ropa: tops, blusas y camisas",Top mariposa parte trasera,,,,sí,posts/115_post_CRKARIpj4Hs.jpg,https://www.instagram.com/magic.h4nds/p/CRKARIpj4Hs/,2021-07-10,31,0,1,carruseles/115_CRKARIpj4Hs
116,"Ropa: tops, blusas y camisas",Top mariposa,,,,sí,posts/116_post_CRKAN3RjJkO.jpg,https://www.instagram.com/magic.h4nds/p/CRKAN3RjJkO/,2021-07-10,38,0,2,carruseles/116_CRKAN3RjJkO
117,"Ropa: tops, blusas y camisas",Top mariposa,,,,sí,posts/117_post_CRKAHwxj-pm.jpg,https://www.instagram.com/magic.h4nds/p/CRKAHwxj-pm/,2021-07-10,57,2,2,carruseles/117_CRKAHwxj-pm
118,Mascotas (accesorios),Gorro de ranita para gatos y perros,,,,,posts/118_post_CRIDqz8j9sR.jpg,https://www.instagram.com/magic.h4nds/p/CRIDqz8j9sR/,2021-07-10,50,2,2,carruseles/118_CRIDqz8j9sR
119,Mascotas (accesorios),Gorro de ranita para gatos y perros,,,,,posts/119_post_CRIDbZADzGW.jpg,https://www.instagram.com/magic.h4nds/p/CRIDbZADzGW/,2021-07-10,37,0,2,carruseles/119_CRIDbZADzGW
120,Mascotas (accesorios),Gorro de ranita para gatos y perros,,,,,posts/120_post_CRIDR1xDriV.jpg,https://www.instagram.com/magic.h4nds/p/CRIDR1xDriV/,2021-07-10,36,0,2,carruseles/120_CRIDR1xDriV
121,Amigurumis,Ranita tejida a mano súper suave,,,Entrega inmediata,,posts/121_post_CRH-2CejK_i.jpg,https://www.instagram.com/magic.h4nds/p/CRH-2CejK_i/,2021-07-09,28,0,1,carruseles/121_CRH-2CejK_i
122,Amigurumis,Ranita tejida a mano súper suave,,,Entrega inmediata,,posts/122_post_CRH-0U_jINK.jpg,https://www.instagram.com/magic.h4nds/p/CRH-0U_jINK/,2021-07-09,29,0,1,carruseles/122_CRH-0U_jINK
123,Amigurumis,Ranita tejida a mano súper suave,,,Entrega inmediata,,posts/123_post_CRH-qQ-j-3I.jpg,https://www.instagram.com/magic.h4nds/p/CRH-qQ-j-3I/,2021-07-09,35,0,2,carruseles/123_CRH-qQ-j-3I
124,"Ropa: tops, blusas y camisas",Top morado tejido a mano,,,,,posts/124_post_CRH7085jy77.jpg,https://www.instagram.com/magic.h4nds/p/CRH7085jy77/,2021-07-09,32,0,1,carruseles/124_CRH7085jy77
125,"Ropa: tops, blusas y camisas",Top morado tejido a mano,,,,,posts/125_post_CRH7w9gj98G.jpg,https://www.instagram.com/magic.h4nds/p/CRH7w9gj98G/,2021-07-09,32,0,1,carruseles/125_CRH7w9gj98G
126,"Ropa: tops, blusas y camisas",Top morado tejido a mano,,,,,posts/126_post_CRH7rW7DpKk.jpg,https://www.instagram.com/magic.h4nds/p/CRH7rW7DpKk/,2021-07-09,66,4,1,carruseles/126_CRH7rW7DpKk
127,Bolsos y accesorios,Mini gorrito rana tejido,,,,,posts/127_post_CQzbVzONDMW.jpg,https://www.instagram.com/magic.h4nds/p/CQzbVzONDMW/,2021-07-01,37,0,1,carruseles/127_CQzbVzONDMW
128,Bolsos y accesorios,Mini gorrito rana tejido,,,,,posts/128_post_CQzavL-NbF_.jpg,https://www.instagram.com/magic.h4nds/p/CQzavL-NbF_/,2021-07-01,33,0,1,carruseles/128_CQzavL-NbF_
129,Bolsos y accesorios,Mini gorrito rana tejido,,,,,posts/129_post_CQyUOjBtZt2.jpg,https://www.instagram.com/magic.h4nds/p/CQyUOjBtZt2/,2021-07-01,34,0,1,carruseles/129_CQyUOjBtZt2
130,"Ropa: tops, blusas y camisas",Top tejido,,,,,posts/130_post_CQxCBSzNVXE.jpg,https://www.instagram.com/magic.h4nds/p/CQxCBSzNVXE/,2021-07-01,39,0,1,carruseles/130_CQxCBSzNVXE
131,"Ropa: tops, blusas y camisas",Tejido a mano,,,,,posts/131_post_CQxAyCntFc6.jpg,https://www.instagram.com/magic.h4nds/p/CQxAyCntFc6/,2021-07-01,36,0,1,carruseles/131_CQxAyCntFc6
132,"Ropa: tops, blusas y camisas",Top tejido a mano,,,,,posts/132_post_CQw9D6fN6PZ.jpg,https://www.instagram.com/magic.h4nds/p/CQw9D6fN6PZ/,2021-07-01,46,2,1,carruseles/132_CQw9D6fN6PZ
133,Amigurumis,Abejita tejida,,,,,posts/133_post_CQw0qg8N571.jpg,https://www.instagram.com/magic.h4nds/p/CQw0qg8N571/,2021-06-30,51,7,1,carruseles/133_CQw0qg8N571
